name,email,phone_number,country,city,description,customer_since_date
Gaultiero Sant,gsant0@a8.net,375-911-9581,Ukraine,Petrivka,"Hi, I'm abc. My job is xyz. I am going to [needed help] activity. Nice to meet ya!",16-11-22 03:08:00
Muffin Guthrie,mguthrie1@state.gov,944-212-2853,"Bonaire, Saint Eustatius and Saba ",Dorp Antriol,"Hi, I'm abc. My job is xyz. I am going to [needed help] activity. Nice to meet ya!",28-03-24 03:52:00
Sher Handslip,shandslip2@wordpress.org,945-339-0290,Mexico,Lazaro Cardenas,"Hi, I'm abc. My job is xyz. I am going to [needed help] activity. Nice to meet ya!",06-08-24 20:55:00
Kermy Hazael,khazael3@dailymotion.com,905-836-9390,China,Zhonghe,"Hi, I'm abc. My job is xyz. I am going to [needed help] activity. Nice to meet ya!",04-12-22 08:10:00
Lauritz Hember,lhember4@comsenz.com,426-540-0261,Bolivia,Riberalta,"Hi, I'm abc. My job is xyz. I am going to [needed help] activity. Nice to meet ya!",01-08-23 12:04:00
Danya Dubock,ddubock5@youtube.com,617-907-0252,China,Mingjing,"Hi, I'm abc. My job is xyz. I am going to [needed help] activity. Nice to meet ya!",10-01-23 14:47:00
Winonah Vargas,wvargas6@europa.eu,849-976-7837,Poland,Świebodzice,"Hi, I'm abc. My job is xyz. I am going to [needed help] activity. Nice to meet ya!",26-08-23 07:21:00
Sayre Birdwhistle,sbirdwhistle7@ftc.gov,837-359-4973,Japan,Ushiku,"Hi, I'm abc. My job is xyz. I am going to [needed help] activity. Nice to meet ya!",10-06-23 00:37:00
Lane Catling,lcatling8@scribd.com,908-275-8834,Russia,Yablonovskiy,"Hi, I'm abc. My job is xyz. I am going to [needed help] activity. Nice to meet ya!",31-08-24 11:49:00
Amelia Maciak,amaciak9@ft.com,301-381-4808,Brazil,Presidente Bernardes,"Hi, I'm abc. My job is xyz. I am going to [needed help] activity. Nice to meet ya!",28-07-24 09:47:00
Vasilis D'Orsay,vdorsaya@dailymotion.com,124-967-9246,Philippines,Calape,"Hi, I'm abc. My job is xyz. I am going to [needed help] activity. Nice to meet ya!",01-07-24 15:31:00
Blinny Weson,bwesonb@loc.gov,183-742-2752,Mexico,Lazaro Cardenas,"Hi, I'm abc. My job is xyz. I am going to [needed help] activity. Nice to meet ya!",06-05-23 15:14:00
Reube Falshaw,rfalshawc@phpbb.com,423-630-5758,Indonesia,Ares Tengah,"Hi, I'm abc. My job is xyz. I am going to [needed help] activity. Nice to meet ya!",12-02-23 22:35:00
Leonerd Williams,lwilliamsd@bbb.org,641-569-9105,Brazil,Breves,"Hi, I'm abc. My job is xyz. I am going to [needed help] activity. Nice to meet ya!",30-03-24 16:04:00
Isaiah Pietrowski,ipietrowskie@unicef.org,849-654-9538,Argentina,Rada Tilly,"Hi, I'm abc. My job is xyz. I am going to [needed help] activity. Nice to meet ya!",21-08-24 20:02:00
Derry Lichfield,dlichfieldf@vk.com,787-384-2453,France,Paris La Défense,"Hi, I'm abc. My job is xyz. I am going to [needed help] activity. Nice to meet ya!",24-12-22 08:18:00
Janna Essery,jesseryg@geocities.com,422-984-2972,Kazakhstan,Tekeli,"Hi, I'm abc. My job is xyz. I am going to [needed help] activity. Nice to meet ya!",25-03-23 17:10:00
Ives Jarrett,ijarretth@php.net,419-307-1654,Peru,Huaribamba,"Hi, I'm abc. My job is xyz. I am going to [needed help] activity. Nice to meet ya!",17-10-22 05:47:00
Nadya Obington,nobingtoni@infoseek.co.jp,772-264-8814,Russia,Nekrasovka,"Hi, I'm abc. My job is xyz. I am going to [needed help] activity. Nice to meet ya!",19-12-23 18:35:00
Garth Drissell,gdrissellj@samsung.com,735-910-9525,Philippines,Silae,"Hi, I'm abc. My job is xyz. I am going to [needed help] activity. Nice to meet ya!",03-03-24 09:16:00
Kimberley Collingridge,kcollingridgek@bizjournals.com,877-932-8202,Poland,Narol,"Hi, I'm abc. My job is xyz. I am going to [needed help] activity. Nice to meet ya!",02-07-23 13:17:00
Paolina Aronow,paronowl@alexa.com,823-687-4326,Cuba,Rodas,"Hi, I'm abc. My job is xyz. I am going to [needed help] activity. Nice to meet ya!",31-05-24 19:31:00
Lissie Barnardo,lbarnardom@utexas.edu,484-443-0523,Brazil,Salto,"Hi, I'm abc. My job is xyz. I am going to [needed help] activity. Nice to meet ya!",10-07-23 10:10:00
Fraze Bann,fbannn@uol.com.br,840-503-1570,East Timor,Same,"Hi, I'm abc. My job is xyz. I am going to [needed help] activity. Nice to meet ya!",01-10-23 01:23:00
Maury Hows,mhowso@unesco.org,380-345-4059,Mongolia,Bayasgalant,"Hi, I'm abc. My job is xyz. I am going to [needed help] activity. Nice to meet ya!",24-03-23 19:42:00
Clarance Walkden,cwalkdenp@arizona.edu,749-453-1482,Serbia,Bojnik,"Hi, I'm abc. My job is xyz. I am going to [needed help] activity. Nice to meet ya!",22-01-24 05:19:00
Angel Roubert,aroubertq@kickstarter.com,792-672-9650,France,Rouen,"Hi, I'm abc. My job is xyz. I am going to [needed help] activity. Nice to meet ya!",27-12-22 10:53:00
Weber Battany,wbattanyr@who.int,398-292-4377,Peru,Achoma,"Hi, I'm abc. My job is xyz. I am going to [needed help] activity. Nice to meet ya!",03-07-24 19:05:00
Roslyn Zammitt,rzammitts@earthlink.net,673-390-2842,Philippines,Carmen,"Hi, I'm abc. My job is xyz. I am going to [needed help] activity. Nice to meet ya!",28-03-23 17:01:00
Antonietta Dumbarton,adumbartont@hostgator.com,139-977-9321,Morocco,Taounza,"Hi, I'm abc. My job is xyz. I am going to [needed help] activity. Nice to meet ya!",27-11-22 06:33:00
Melisse Southam,msouthamu@auda.org.au,494-367-8059,Germany,Frankfurt am Main,"Hi, I'm abc. My job is xyz. I am going to [needed help] activity. Nice to meet ya!",01-07-23 07:22:00
Sydel Bartoleyn,sbartoleynv@skype.com,498-742-1397,China,Dengfeng,"Hi, I'm abc. My job is xyz. I am going to [needed help] activity. Nice to meet ya!",24-10-23 00:15:00
Aurore Brett,abrettw@unc.edu,741-164-1052,China,Mengjia,"Hi, I'm abc. My job is xyz. I am going to [needed help] activity. Nice to meet ya!",11-06-23 20:10:00
Hurlee Reichartz,hreichartzx@ning.com,407-531-1416,China,Xidianzi,"Hi, I'm abc. My job is xyz. I am going to [needed help] activity. Nice to meet ya!",10-09-24 06:22:00
Martica Willas,mwillasy@google.pl,814-625-9386,Indonesia,Puunage,"Hi, I'm abc. My job is xyz. I am going to [needed help] activity. Nice to meet ya!",02-08-24 18:50:00
Matthus Eschalette,meschalettez@instagram.com,342-935-8519,Serbia,Knjazevac,"Hi, I'm abc. My job is xyz. I am going to [needed help] activity. Nice to meet ya!",25-04-23 18:00:00
Ulrike Eitter,ueitter10@histats.com,478-937-8264,United States,Macon,"Hi, I'm abc. My job is xyz. I am going to [needed help] activity. Nice to meet ya!",13-04-24 03:26:00
Rollin Hallatt,rhallatt11@cbsnews.com,216-655-2701,Indonesia,Gisiliba,"Hi, I'm abc. My job is xyz. I am going to [needed help] activity. Nice to meet ya!",24-01-24 23:54:00
Burr Brooksby,bbrooksby12@vinaora.com,370-770-7903,China,Shizong,"Hi, I'm abc. My job is xyz. I am going to [needed help] activity. Nice to meet ya!",12-10-23 05:36:00
Falito Cassell,fcassell13@usda.gov,868-515-7566,Ireland,Ballisodare,"Hi, I'm abc. My job is xyz. I am going to [needed help] activity. Nice to meet ya!",20-02-24 09:23:00
Carline Mannering,cmannering14@state.gov,326-914-4280,Indonesia,Bulakbanjar,"Hi, I'm abc. My job is xyz. I am going to [needed help] activity. Nice to meet ya!",09-09-24 07:54:00
Catha Priddey,cpriddey15@bloomberg.com,391-424-0367,Cambodia,Smach Mean Chey,"Hi, I'm abc. My job is xyz. I am going to [needed help] activity. Nice to meet ya!",01-01-24 18:34:00
Inger Enrietto,ienrietto16@sfgate.com,129-156-7906,China,Wujian,"Hi, I'm abc. My job is xyz. I am going to [needed help] activity. Nice to meet ya!",03-11-23 06:22:00
Cesaro Hankard,chankard17@state.tx.us,778-239-0370,Indonesia,Krajan Pundungsari,"Hi, I'm abc. My job is xyz. I am going to [needed help] activity. Nice to meet ya!",19-10-22 13:03:00
Roberto Caldero,rcaldero18@psu.edu,836-162-4030,Argentina,General Manuel J. Campos,"Hi, I'm abc. My job is xyz. I am going to [needed help] activity. Nice to meet ya!",22-08-24 09:32:00
Xylina Lapish,xlapish19@paypal.com,470-141-1167,Brazil,Rio Branco,"Hi, I'm abc. My job is xyz. I am going to [needed help] activity. Nice to meet ya!",15-02-24 12:17:00
Francois Bladen,fbladen1a@rakuten.co.jp,695-953-7781,Mongolia,Tsul-Ulaan,"Hi, I'm abc. My job is xyz. I am going to [needed help] activity. Nice to meet ya!",07-12-22 07:16:00
Victor Trevino,vtrevino1b@jimdo.com,371-102-0000,Pakistan,Batgrām,"Hi, I'm abc. My job is xyz. I am going to [needed help] activity. Nice to meet ya!",18-06-23 15:17:00
Maury Georgiades,mgeorgiades1c@nytimes.com,249-970-3856,Tanzania,Mlalo,"Hi, I'm abc. My job is xyz. I am going to [needed help] activity. Nice to meet ya!",10-10-22 07:34:00
Raphaela Dowdell,rdowdell1d@patch.com,853-145-3689,Poland,Czerwionka-Leszczyny,"Hi, I'm abc. My job is xyz. I am going to [needed help] activity. Nice to meet ya!",01-10-22 17:36:00
Estevan Bentjens,ebentjens1e@latimes.com,862-157-7208,Peru,Quivilla,"Hi, I'm abc. My job is xyz. I am going to [needed help] activity. Nice to meet ya!",23-06-24 15:07:00
Stevana Stihl,sstihl1f@baidu.com,610-223-0664,Portugal,Trinaterra,"Hi, I'm abc. My job is xyz. I am going to [needed help] activity. Nice to meet ya!",03-05-23 03:47:00
Virgie Joysey,vjoysey1g@sina.com.cn,843-573-9343,China,Xianbao,"Hi, I'm abc. My job is xyz. I am going to [needed help] activity. Nice to meet ya!",28-03-24 19:57:00
Temple Mowlam,tmowlam1h@hugedomains.com,842-363-1247,Russia,Elista,"Hi, I'm abc. My job is xyz. I am going to [needed help] activity. Nice to meet ya!",30-09-23 18:50:00
Teddie Wallbanks,twallbanks1i@xrea.com,326-981-6307,Indonesia,Keli,"Hi, I'm abc. My job is xyz. I am going to [needed help] activity. Nice to meet ya!",11-03-24 22:15:00
Malissia Circuitt,mcircuitt1j@china.com.cn,540-169-8519,Portugal,Labruge,"Hi, I'm abc. My job is xyz. I am going to [needed help] activity. Nice to meet ya!",10-02-23 22:28:00
Eada Varnals,evarnals1k@npr.org,260-275-4838,Philippines,Bulacnin,"Hi, I'm abc. My job is xyz. I am going to [needed help] activity. Nice to meet ya!",15-05-23 20:36:00
Guinevere Grief,ggrief1l@ft.com,750-790-4216,France,Marne-la-Vallée,"Hi, I'm abc. My job is xyz. I am going to [needed help] activity. Nice to meet ya!",27-02-24 18:58:00
Pyotr Binder,pbinder1m@e-recht24.de,675-640-8754,Portugal,Agrelo,"Hi, I'm abc. My job is xyz. I am going to [needed help] activity. Nice to meet ya!",27-10-22 08:28:00
Ganny Batho,gbatho1n@yahoo.co.jp,754-969-9932,Brazil,Veranópolis,"Hi, I'm abc. My job is xyz. I am going to [needed help] activity. Nice to meet ya!",06-05-23 02:30:00
Clive Giercke,cgiercke1o@slate.com,969-267-7970,France,Fleury-les-Aubrais,"Hi, I'm abc. My job is xyz. I am going to [needed help] activity. Nice to meet ya!",27-12-22 17:15:00
Giacopo Kyffin,gkyffin1p@dailymotion.com,595-956-9064,Macedonia,Gevgelija,"Hi, I'm abc. My job is xyz. I am going to [needed help] activity. Nice to meet ya!",07-04-23 18:01:00
Sherie Woolstenholmes,swoolstenholmes1q@nps.gov,714-993-0715,Cuba,Moa,"Hi, I'm abc. My job is xyz. I am going to [needed help] activity. Nice to meet ya!",13-06-24 09:44:00
Lauretta Glendining,lglendining1r@wired.com,419-583-6473,Egypt,Qaşr al Farāfirah,"Hi, I'm abc. My job is xyz. I am going to [needed help] activity. Nice to meet ya!",13-02-24 01:59:00
Damiano Laverick,dlaverick1s@opensource.org,728-961-2080,Indonesia,Kanugrahan,"Hi, I'm abc. My job is xyz. I am going to [needed help] activity. Nice to meet ya!",26-05-23 14:36:00
Ulrich Chattell,uchattell1t@blogs.com,864-102-3654,China,Dongsheng,"Hi, I'm abc. My job is xyz. I am going to [needed help] activity. Nice to meet ya!",21-07-23 05:56:00
Elmo Surfleet,esurfleet1u@vistaprint.com,686-486-4953,Poland,Skrzydlna,"Hi, I'm abc. My job is xyz. I am going to [needed help] activity. Nice to meet ya!",06-04-23 13:30:00
Ingrid Strutz,istrutz1v@accuweather.com,202-129-7463,Russia,Troitsk,"Hi, I'm abc. My job is xyz. I am going to [needed help] activity. Nice to meet ya!",20-09-24 08:43:00
Sandy O'Luby,soluby1w@nasa.gov,576-208-7085,China,Jiaozhou,"Hi, I'm abc. My job is xyz. I am going to [needed help] activity. Nice to meet ya!",28-04-24 05:10:00
Ailee Pinnigar,apinnigar1x@rambler.ru,670-413-8780,Serbia,Kupusina,"Hi, I'm abc. My job is xyz. I am going to [needed help] activity. Nice to meet ya!",02-02-23 15:44:00
Gerri Marrett,gmarrett1y@devhub.com,840-298-5122,Indonesia,Cikandang,"Hi, I'm abc. My job is xyz. I am going to [needed help] activity. Nice to meet ya!",15-09-24 13:20:00
Wenonah Barneveld,wbarneveld1z@drupal.org,915-968-6341,China,Yatunpu,"Hi, I'm abc. My job is xyz. I am going to [needed help] activity. Nice to meet ya!",12-11-22 12:44:00
Murial Althrope,malthrope20@liveinternet.ru,265-177-4911,Brazil,Américo Brasiliense,"Hi, I'm abc. My job is xyz. I am going to [needed help] activity. Nice to meet ya!",25-08-23 12:43:00
Teddi Lynnitt,tlynnitt21@xrea.com,799-801-3649,China,Barkol,"Hi, I'm abc. My job is xyz. I am going to [needed help] activity. Nice to meet ya!",12-05-24 05:21:00
Samuele Foote,sfoote22@livejournal.com,656-285-0794,Portugal,Candelária,"Hi, I'm abc. My job is xyz. I am going to [needed help] activity. Nice to meet ya!",06-03-23 17:00:00
Dirk Naish,dnaish23@1und1.de,255-859-5860,Philippines,Biñan,"Hi, I'm abc. My job is xyz. I am going to [needed help] activity. Nice to meet ya!",20-01-23 20:35:00
Hallsy De Ferrari,hde24@comsenz.com,563-945-1071,Indonesia,Tanjung Pandan,"Hi, I'm abc. My job is xyz. I am going to [needed help] activity. Nice to meet ya!",31-05-24 07:52:00
Nataline Langstone,nlangstone25@etsy.com,460-459-6736,China,Shuangqiao,"Hi, I'm abc. My job is xyz. I am going to [needed help] activity. Nice to meet ya!",14-06-24 13:01:00
Carr Domengue,cdomengue26@bbc.co.uk,320-442-9503,Russia,Talitsy,"Hi, I'm abc. My job is xyz. I am going to [needed help] activity. Nice to meet ya!",05-08-23 07:50:00
Raffarty Claydon,rclaydon27@statcounter.com,967-246-5288,Indonesia,Cibeureum,"Hi, I'm abc. My job is xyz. I am going to [needed help] activity. Nice to meet ya!",15-09-23 09:14:00
Jessie Rozzell,jrozzell28@dailymotion.com,464-312-8530,Chile,Puyehue,"Hi, I'm abc. My job is xyz. I am going to [needed help] activity. Nice to meet ya!",17-06-23 18:57:00
Georgianna Plampin,gplampin29@wufoo.com,441-481-9986,Greece,Mitrópoli,"Hi, I'm abc. My job is xyz. I am going to [needed help] activity. Nice to meet ya!",10-12-23 14:24:00
Dunc Andrzejewski,dandrzejewski2a@linkedin.com,820-718-4805,Indonesia,Sebuku,"Hi, I'm abc. My job is xyz. I am going to [needed help] activity. Nice to meet ya!",03-07-23 13:42:00
Cicily Blaxland,cblaxland2b@google.cn,319-955-5928,Afghanistan,Paghmān,"Hi, I'm abc. My job is xyz. I am going to [needed help] activity. Nice to meet ya!",03-06-24 15:28:00
Bayard Belding,bbelding2c@opera.com,908-270-8406,Namibia,Tsumeb,"Hi, I'm abc. My job is xyz. I am going to [needed help] activity. Nice to meet ya!",21-11-23 17:28:00
Kellina Albasini,kalbasini2d@clickbank.net,398-753-6458,Russia,Bamut,"Hi, I'm abc. My job is xyz. I am going to [needed help] activity. Nice to meet ya!",01-01-24 21:59:00
De Maestrini,dmaestrini2e@hp.com,269-234-4710,Sweden,Nykvarn,"Hi, I'm abc. My job is xyz. I am going to [needed help] activity. Nice to meet ya!",29-11-23 17:06:00
Delcine Camois,dcamois2f@mac.com,556-905-8112,Canada,Catalina,"Hi, I'm abc. My job is xyz. I am going to [needed help] activity. Nice to meet ya!",06-01-24 22:39:00
Ryley Watts,rwatts2g@vkontakte.ru,729-909-3466,China,Guzhuyingzi,"Hi, I'm abc. My job is xyz. I am going to [needed help] activity. Nice to meet ya!",04-01-24 04:57:00
Lori Tindle,ltindle2h@archive.org,990-112-2686,Syria,Al Mayādīn,"Hi, I'm abc. My job is xyz. I am going to [needed help] activity. Nice to meet ya!",18-02-23 21:27:00
Editha Tiery,etiery2i@webs.com,554-539-4737,Indonesia,Canggetelo,"Hi, I'm abc. My job is xyz. I am going to [needed help] activity. Nice to meet ya!",26-12-23 03:33:00
Pamelina Duffield,pduffield2j@pinterest.com,357-998-0947,Canada,Windsor,"Hi, I'm abc. My job is xyz. I am going to [needed help] activity. Nice to meet ya!",02-08-24 21:03:00
Selene Rimell,srimell2k@privacy.gov.au,748-205-7621,Nigeria,Amaigbo,"Hi, I'm abc. My job is xyz. I am going to [needed help] activity. Nice to meet ya!",02-04-24 01:06:00
Bent Agett,bagett2l@wix.com,114-662-4764,Russia,Murygino,"Hi, I'm abc. My job is xyz. I am going to [needed help] activity. Nice to meet ya!",24-12-22 11:54:00
Chase Dunlea,cdunlea2m@thetimes.co.uk,144-597-5042,Russia,Pospelikha,"Hi, I'm abc. My job is xyz. I am going to [needed help] activity. Nice to meet ya!",06-07-24 19:48:00
Malvina McNiven,mmcniven2n@hao123.com,160-474-1530,China,Gaoming,"Hi, I'm abc. My job is xyz. I am going to [needed help] activity. Nice to meet ya!",25-03-24 14:51:00
Jerrold Kid,jkid2o@netlog.com,921-688-9680,China,Fenyan,"Hi, I'm abc. My job is xyz. I am going to [needed help] activity. Nice to meet ya!",16-04-24 08:15:00
Valenka Dyzart,vdyzart2p@vkontakte.ru,915-183-7037,United States,El Paso,"Hi, I'm abc. My job is xyz. I am going to [needed help] activity. Nice to meet ya!",26-02-24 21:23:00
Ellynn Argabrite,eargabrite2q@npr.org,434-914-7234,China,Heiiyugou,"Hi, I'm abc. My job is xyz. I am going to [needed help] activity. Nice to meet ya!",13-06-24 09:51:00
Genna Elgie,gelgie2r@wikia.com,805-530-6102,China,Qamdo,"Hi, I'm abc. My job is xyz. I am going to [needed help] activity. Nice to meet ya!",01-01-23 23:12:00
